Name,IrishTune.info ID,TheSession URL,Type,Tune Archive URL
Twenty-One Highland,35,https://thesession.org/tunes/10390,Strathspey,
"Lilting Fisherman, The",36,https://thesession.org/tunes/3369,Jig,
Her Mantle So Green,37,https://thesession.org/tunes/2888,Air,
"Abbey, The",43,https://thesession.org/tunes/477,Reel,
"Abbeyleix, The",44,https://thesession.org/tunes/1288,Reel,
"Battle Of Aughrim, The",47,https://thesession.org/tunes/1308,March,
Aggie Whyte's,49,https://thesession.org/tunes/1878,Reel,
Ah! Surely,51,https://thesession.org/tunes/577,Reel,
"Air Tune, The",52,https://thesession.org/tunes/2833,Reel,
Allistrum's March,54,https://thesession.org/tunes/2136,Jig,
Alice's,57,https://thesession.org/tunes/179,Reel,
"Toormore, The",66,https://thesession.org/tunes/110,Slide,
Bolen's Fancy,68,https://thesession.org/tunes/373,Jig,
Anderson's,72,https://thesession.org/tunes/1631,Reel,
Paddy Taylor's Reel,73,https://thesession.org/tunes/578,Reel,
Andy McGann's,77,https://thesession.org/tunes/3278,Reel,
Apples In Winter,83,https://thesession.org/tunes/299,Jig,
"Ashplant, The",89,https://thesession.org/tunes/726,Reel,
"Atholl Highlander, The",92,https://thesession.org/tunes/107,Jig,
"Bag Of Spuds, The",99,https://thesession.org/tunes/579,Reel,
Ballydesmond Polka #1,105,https://thesession.org/tunes/298,Polka,
Ballydesmond Polka #2,106,https://thesession.org/tunes/238,Polka,
Ballydesmond Polka #3,107,https://thesession.org/tunes/239,Polka,
Banish Misfortune,113,https://thesession.org/tunes/9,Jig,
Bank Of Ireland,114,https://thesession.org/tunes/320,Reel,https://tunearch.org/wiki/Bank_of_Ireland_(1)_(The)
"Bank Of Turf, The",115,https://thesession.org/tunes/1819,Jig,
"Banks Of Lough Gowna, The",117,https://thesession.org/tunes/775,Jig,
"Banks Of Newfoundland, The",118,https://thesession.org/tunes/3172,Jig,
Banks Of The Ilen,121,https://thesession.org/tunes/747,Reel,
"Banshee, The",125,https://thesession.org/tunes/8,Reel,https://tunearch.org/wiki/Banshee_(1)_(The)
"Battering Ram, The",129,https://thesession.org/tunes/382,Jig,
Return From Fingal,130,https://thesession.org/tunes/851,March,
Beare Island,133,https://thesession.org/tunes/696,Reel,
Behind The Haystack,137,https://thesession.org/tunes/358,Jig,https://tunearch.org/wiki/Behind_the_Haystack_(1)
Biddy Martin's,146,https://thesession.org/tunes/1818,Polka,
Biddy The Bold Wife,147,https://thesession.org/tunes/4785,Jig,
Bill Malley's Barndance,150,https://thesession.org/tunes/162,Barndance,
Joe Bane's,151,https://thesession.org/tunes/1649,Barndance,
Mickey Chewing Bubblegum,152,https://thesession.org/tunes/481,Polka,
Bimíd Ag Ól,155,https://thesession.org/tunes/3456,Jig,
Bird In The Bush,156,https://thesession.org/tunes/629,Reel,
"Thrush's Nest, The",157,https://thesession.org/tunes/1358,Reel,
"Black Rogue, The",160,https://thesession.org/tunes/1076,Jig,
An Lon Dubh,162,https://thesession.org/tunes/4508,Hornpipe,
Blacksmith's Fancy,168,https://thesession.org/tunes/3089,Reel,
"Maid At The Well, The",170,https://thesession.org/tunes/752,Jig,
"Old Blackthorn Stick, The",172,https://thesession.org/tunes/720,Reel,
"Blarney Pilgrim, The",175,https://thesession.org/tunes/5,Jig,
"Blockers, The",178,https://thesession.org/tunes/274,Reel,
"Bloom Of Youth, The",179,https://thesession.org/tunes/1119,Reel,
"Blooming Meadows, The",180,https://thesession.org/tunes/4066,Jig,
"Blue Angel, The",181,https://thesession.org/tunes/685,Jig,
"Humours Of Tullycrine, The",184,https://thesession.org/tunes/980,Hornpipe,
Boil The Breakfast Early,187,https://thesession.org/tunes/3,Reel,
Bonny Kate,191,https://thesession.org/tunes/754,Reel,
Tom Ash's March,193,https://thesession.org/tunes/1541,Reel,
"Glentaun, The",197,https://thesession.org/tunes/485,Reel,
"Boy In The Boat, The",198,https://thesession.org/tunes/975,Reel,
"Boy In The Gap, The",199,https://thesession.org/tunes/1579,Reel,
"Boyne Hunt, The",200,https://thesession.org/tunes/142,Reel,https://tunearch.org/wiki/Boyne_Hunt_(1)
"Boys Of Ballinafad, The",202,https://thesession.org/tunes/5467,Jig,
"Boys Of Ballycastle, The",204,https://thesession.org/tunes/1921,Hornpipe,
Boys Of Ballisodare (Slip Jig),205,https://thesession.org/tunes/1340,Slip Jig,
"Boys Of Ballisodare, The",206,https://thesession.org/tunes/535,Reel,
"Boys Of Bluehill, The",207,https://thesession.org/tunes/651,Hornpipe,
"Boys Of Malin, The",208,https://thesession.org/tunes/11,Reel,
Boys Of The Lough,210,https://thesession.org/tunes/343,Reel,https://tunearch.org/wiki/Boys_of_the_Lough_(The)
"View From Across The Valley, The",213,https://thesession.org/tunes/3851,Reel,
West Clare,217,https://thesession.org/tunes/999,Reel,
Brenda Stubbert's,218,https://thesession.org/tunes/727,Reel,https://tunearch.org/wiki/Brenda_Stubbert%27s_Reel
Splendid Isolation,219,https://thesession.org/tunes/200,Reel,
Brendan McMahon's,220,https://thesession.org/tunes/1981,Reel,
Brendan Tonra's,221,https://thesession.org/tunes/451,Jig,
Brian Boru's March,223,https://thesession.org/tunes/271,Jig,
Broken Pledge,234,https://thesession.org/tunes/1423,Reel,
"Bucks Of Oranmore, The",241,https://thesession.org/tunes/2,Reel,https://tunearch.org/wiki/Bucks_of_Oranmore_(The)
Bunch Of Green Rushes,243,https://thesession.org/tunes/1335,Reel,
"Bunch Of Keys, The",245,https://thesession.org/tunes/344,Reel,
Bunker Hill,248,https://thesession.org/tunes/207,Reel,
Lad O’Beirne’s Jig,249,https://thesession.org/tunes/644,Jig,
"Butterfly, The",253,https://thesession.org/tunes/10944,Reel,
"Butterfly, The",254,https://thesession.org/tunes/10,Slip Jig,
"Road To Cashel, The",259,https://thesession.org/tunes/3270,Reel,
Calliope House,269,https://thesession.org/tunes/15,Jig,
Caoilte Mountains,274,https://thesession.org/tunes/3223,Reel,
Carolan's Welcome,280,https://thesession.org/tunes/1055,Waltz,
"Carraroe, The",282,https://thesession.org/tunes/771,Jig,
Carrickfergus,283,https://thesession.org/tunes/4368,Reel,
"Castle, The",286,https://thesession.org/tunes/273,Jig,
Castle Kelly,287,https://thesession.org/tunes/21,Reel,
Chanter's Song,298,https://thesession.org/tunes/2082,Polka,
Charlie Harris's,300,https://thesession.org/tunes/2039,Polka,
John Blessings's,300,https://thesession.org/tunes/4620,Reel,
McDonagh's,301,https://thesession.org/tunes/1963,Reel,
Charlie Mulvihill's,305,https://thesession.org/tunes/2301,Reel,
Cock Of The North,307,https://thesession.org/tunes/1218,Jig,
Aggie Whyte's Chattering Magpies,308,https://thesession.org/tunes/1045,Reel,
"Chicago, The",310,https://thesession.org/tunes/840,Reel,
Chief O'Neill's Favorite,312,https://thesession.org/tunes/13,Hornpipe,https://tunearch.org/wiki/Chief_O%27Neill%27s_Favorite
An Phis Fliuch,316,https://thesession.org/tunes/879,Slip Jig,
Christmas Eve,321,https://thesession.org/tunes/440,Reel,
Christy Barry's,322,https://thesession.org/tunes/843,Jig,
Cliffs Of Moher,338,https://thesession.org/tunes/12,Jig,https://tunearch.org/wiki/Cliffs_of_Moher_(The)
"Clog, The",340,https://thesession.org/tunes/2359,Slide,
I Will If I Can,342,https://thesession.org/tunes/1248,Jig,
"Cloone, The",343,https://thesession.org/tunes/1644,Reel,
"Tar Road To Sligo, The",346,https://thesession.org/tunes/151,Jig,https://tunearch.org/wiki/Coach_Road_to_Sligo_(2)_(The)
"Coalminer, The",348,https://thesession.org/tunes/1617,Reel,
Dan The Cobbler,349,https://thesession.org/tunes/1911,Jig,
"Cocktail, The",350,https://thesession.org/tunes/1670,Reel,
Coleman's Cross,353,https://thesession.org/tunes/1706,Jig,
Promenade,356,https://thesession.org/tunes/409,Slip Jig,
"Coleraine, The",357,https://thesession.org/tunes/17,Jig,
College Groves,358,https://thesession.org/tunes/1272,Reel,
Colonel Fraser's,360,https://thesession.org/tunes/1209,Reel,https://tunearch.org/wiki/Colonel_Fraser
Comb Your Hair And Curl It,363,https://thesession.org/tunes/1030,Hop Jig,
Come West Along The Road,364,https://thesession.org/tunes/474,Reel,
"Congress, The",376,https://thesession.org/tunes/208,Reel,https://tunearch.org/wiki/Congress_Reel_(The)
"Connaughtman’s Rambles, The",378,https://thesession.org/tunes/19,Jig,
"Cook In The Kitchen, The",387,https://thesession.org/tunes/808,Jig,https://tunearch.org/wiki/Cook_in_the_Kitchen_(1)_(The)
Cooley's,391,https://thesession.org/tunes/1,Reel,
"Copperplate, The",394,https://thesession.org/tunes/887,Reel,https://tunearch.org/wiki/Copperplate_(1)_(The)
"Corner House, The",396,https://thesession.org/tunes/479,Reel,
Corney Is Coming,397,https://thesession.org/tunes/943,Reel,
Coen's Memories,399,https://thesession.org/tunes/558,Reel,
Sarsfield's,404,https://thesession.org/tunes/1430,Jig,
Cregg's Pipes,406,https://thesession.org/tunes/605,Reel,
Up Sligo,409,https://thesession.org/tunes/537,Jig,
Crested Hens,410,https://thesession.org/tunes/562,Waltz,
Crock Of Gold,413,https://thesession.org/tunes/433,Reel,
Cronin's,414,https://thesession.org/tunes/478,Hornpipe,
"Crooked Road To Dublin, The",416,https://thesession.org/tunes/227,Reel,
Bobby Casey's,420,https://thesession.org/tunes/270,Reel,
Crowley's #1,423,https://thesession.org/tunes/759,Reel,
Crowley's #2,424,https://thesession.org/tunes/1180,Reel,
"Cuckoo, The",427,https://thesession.org/tunes/573,Hornpipe,
"Cuckoo's Nest, The",429,https://thesession.org/tunes/2395,Hornpipe,
"Cuil Aodha Slide, The",432,https://thesession.org/tunes/14,Slide,
Cuilinn Ui Chaoimh,434,https://thesession.org/tunes/469,Jig,
"Cup Of Tea, The",436,https://thesession.org/tunes/20,Reel,
"Curlews, The",438,https://thesession.org/tunes/174,Reel,
Galway Belle,443,https://thesession.org/tunes/679,Polka,
"Dairy Maid, The",445,https://thesession.org/tunes/1946,Reel,
Michael’s Favorite,448,https://thesession.org/tunes/7531,Polka,
Larry O'Gaffe's,460,https://thesession.org/tunes/498,Jig,
"Dark Girl Dressed In Blue, The",464,https://thesession.org/tunes/1534,Polka,
Four Mile Stone,470,https://thesession.org/tunes/989,Reel,
"Dawn, The",474,https://thesession.org/tunes/167,Reel,
Dawning Of The Day,475,https://thesession.org/tunes/1441,March,
Sonny Murray's,482,https://thesession.org/tunes/309,Hornpipe,
If I Had A Wife,486,https://thesession.org/tunes/7897,Slide,
Dennis Murphy's Polka,487,https://thesession.org/tunes/357,Polka,
Denis Murphy's,488,https://thesession.org/tunes/159,Slide,
"Lurgadan, The",491,https://thesession.org/tunes/1851,Jig,
Up And About In The Morning,497,https://thesession.org/tunes/3145,Jig,
Devaney's Goat,499,https://thesession.org/tunes/2881,Reel,
Dever The Dancer,500,https://thesession.org/tunes/148,Slip Jig,
Dick Gossip,505,https://thesession.org/tunes/408,Reel,https://tunearch.org/wiki/Dick_Gossip%27s
Dinkey's,512,https://thesession.org/tunes/24,Reel,
"Dionne Reel, The",515,https://thesession.org/tunes/1364,Reel,
"Diplodocus, The",516,https://thesession.org/tunes/620,Jig,
Dr. Gilbert's,521,https://thesession.org/tunes/129,Reel,
Doctor O'Neill,523,https://thesession.org/tunes/1304,Jig,
"Doon, The",533,https://thesession.org/tunes/438,Reel,https://tunearch.org/wiki/Doon_Reel_(6)_(The)
"Dooney Rock, The",534,https://thesession.org/tunes/5477,Jig,
Dougie MacDonald's,535,https://thesession.org/tunes/4713,Reel,
Dowd's #9,537,https://thesession.org/tunes/761,Reel,
"Mourne Shore, The",538,https://thesession.org/tunes/1314,Air,
Down The Back Lane,539,https://thesession.org/tunes/1496,Jig,
Down The Broom,540,https://thesession.org/tunes/514,Reel,
Drag Her Round The Road,543,https://thesession.org/tunes/1148,Reel,
"Drops Of Brandy, The",544,https://thesession.org/tunes/388,Slip Jig,
Drowsy Maggie,545,https://thesession.org/tunes/27,Reel,
"Drunken Gauger, The",547,https://thesession.org/tunes/2180,Jig,
"Drunken Landlady, The",549,https://thesession.org/tunes/363,Reel,
"Yellow Tinker, The",552,https://thesession.org/tunes/1554,Reel,
Dublin Porter,553,https://thesession.org/tunes/836,Reel,
"Dublin Reel, The",554,https://thesession.org/tunes/384,Reel,https://tunearch.org/wiki/Dublin_Reel_(1)_(The)
"Ladies Pantalettes, The",558,https://thesession.org/tunes/2050,Reel,
"Dunmore Lasses, The",560,https://thesession.org/tunes/462,Reel,https://tunearch.org/wiki/Dunmore_Lasses_(The)
"Dusty Windowsills, The",564,https://thesession.org/tunes/29,Jig,
"Earl's Chair, The",566,https://thesession.org/tunes/221,Reel,
"Eavesdropper, The",567,https://thesession.org/tunes/389,Jig,
"Meelick Team, The",571,https://thesession.org/tunes/1511,Jig,
"Eel In The Sink, The",573,https://thesession.org/tunes/1446,Reel,
Eileen Curran's,574,https://thesession.org/tunes/132,Reel,
Pride Of Petravore,575,https://thesession.org/tunes/82,Hornpipe,
Eleanor Neary's,576,https://thesession.org/tunes/15282,Jig,
Eleanor Plunkett,577,https://thesession.org/tunes/2575,Waltz,
Exile Of Erin,584,https://thesession.org/tunes/1293,Reel,
Molly Ban,590,https://thesession.org/tunes/1637,Reel,
"Fairy Reel, The",597,https://thesession.org/tunes/2944,Reel,
"Fairies Hornpipe, The",598,https://thesession.org/tunes/1262,Hornpipe,https://tunearch.org/wiki/Fairies%27_Hornpipe_(The)
"Fantastic, The",602,https://thesession.org/tunes/420,Reel,
Far From Home,603,https://thesession.org/tunes/1164,Reel,
Farewell To Erin,608,https://thesession.org/tunes/33,Reel,
Farewell To Whiskey,612,https://thesession.org/tunes/1529,Polka,
Farrel O'Gara,613,https://thesession.org/tunes/234,Reel,
Father Kelly,617,https://thesession.org/tunes/791,Reel,
"Fermoy Lasses, The",622,https://thesession.org/tunes/219,Reel,
"Finnish Polka, The",630,https://thesession.org/tunes/418,Polka,
First Of May / Four Provinces Fling / Skillet Pot,634,https://thesession.org/tunes/1627,Hornpipe,
Fisherman's Island,636,https://thesession.org/tunes/181,Reel,
"Flax In Bloom, The",641,https://thesession.org/tunes/748,Reel,
"Floating Crowbar, The",642,https://thesession.org/tunes/457,Reel,
"Flogging, The",643,https://thesession.org/tunes/195,Reel,
"Flowers Of Edinburgh, The",647,https://thesession.org/tunes/2549,Reel,
"Fox On The Town, The",665,https://thesession.org/tunes/341,Reel,
"Foxhunter's Jig, The",668,https://thesession.org/tunes/482,Slip Jig,https://tunearch.org/wiki/Foxhunter%27s_Jig_(1)_(The)
"Foxhunter's Reel, The",669,https://thesession.org/tunes/511,Reel,
Fraher's,670,https://thesession.org/tunes/992,Jig,
"Fairhaired Boy, The",671,https://thesession.org/tunes/3119,Jig,
Franc A’Phoill,672,https://thesession.org/tunes/31,Jig,
Fred Finn's,674,https://thesession.org/tunes/452,Reel,
Frieze Britches,677,https://thesession.org/tunes/34,Jig,
"Frog In The Well, The",679,https://thesession.org/tunes/1395,Jig,
Kitty Lie Over,681,https://thesession.org/tunes/948,Jig,
"Gaelic Club, The",686,https://thesession.org/tunes/782,Jig,
Gallagher's Frolics,688,https://thesession.org/tunes/160,Jig,
"Galtee Ranger, The",690,https://thesession.org/tunes/724,Reel,
Galway Bay,692,https://thesession.org/tunes/3453,Hornpipe,
Galway Hornpipe,693,https://thesession.org/tunes/38,Hornpipe,
"Galway Rambler, The",696,https://thesession.org/tunes/634,Reel,
Gander In The Pratie Hole,697,https://thesession.org/tunes/401,Jig,https://tunearch.org/wiki/Gander_in_the_Pratie_Hole_(The)
Poll Ha'Penny,701,https://thesession.org/tunes/841,Hornpipe,
Garrett Barry's Jig,702,https://thesession.org/tunes/544,Jig,
Garrett Barry's Reel,703,https://thesession.org/tunes/3434,Reel,
Garech's Wedding,704,https://thesession.org/tunes/2620,Slip Jig,
Garyowen,705,https://thesession.org/tunes/1372,Jig,
Geese In The Bog,710,https://thesession.org/tunes/43,Jig,
Grogan's,711,https://thesession.org/tunes/1219,Reel,https://tunearch.org/wiki/Geogehan%27s_Reel
George White's Favorite,712,https://thesession.org/tunes/718,Reel,
Ger The Rigger,713,https://thesession.org/tunes/1367,Polka,
"Girl Who Broke My Heart, The",721,https://thesession.org/tunes/669,Reel,
Give Me Your Hand,723,https://thesession.org/tunes/454,Waltz,
Give Us A Drink Of Water,724,https://thesession.org/tunes/635,Slip Jig,
"Glass Of Beer, The",727,https://thesession.org/tunes/188,Reel,
Glen Allen,730,https://thesession.org/tunes/14008,Reel,
Lafferty's,731,https://thesession.org/tunes/496,Reel,
"Green Cottage, The",735,https://thesession.org/tunes/559,Polka,
"Glen Cottage, The",736,https://thesession.org/tunes/5278,Polka,
Going To The Well For Water,740,https://thesession.org/tunes/455,Slide,
"Golden Eagle, The",744,https://thesession.org/tunes/974,Hornpipe,
"Golden Keyboard, The",745,https://thesession.org/tunes/36,Reel,https://tunearch.org/wiki/Golden_Keyboard_(1)
Good Morning To Your Nightcap,748,https://thesession.org/tunes/513,Reel,
"Good Natured Man, The",749,https://thesession.org/tunes/312,Hornpipe,
"Gooseberry Bush, The",750,https://thesession.org/tunes/2732,Reel,https://tunearch.org/wiki/Gooseberry_Bush_(1)
Gorman's,751,https://thesession.org/tunes/1540,Reel,
Grainne's Jig,758,https://thesession.org/tunes/488,Jig,
Grand Canal,759,https://thesession.org/tunes/2038,Reel,
"Gravel Walks, The",761,https://thesession.org/tunes/42,Reel,
"Green Gates, The",766,https://thesession.org/tunes/1722,Reel,
Green Groves Of Erin,768,https://thesession.org/tunes/41,Reel,
Green Fields Of America,775,https://thesession.org/tunes/695,Reel,
"Green Fields Of Rossbeigh, The",776,https://thesession.org/tunes/322,Reel,
Gusty's Frolics,784,https://thesession.org/tunes/169,Slip Jig,
Gypsy Princess,786,https://thesession.org/tunes/4577,Barndance,
Hag At The Churn,787,https://thesession.org/tunes/829,Jig,
"Hag With The Money, The",788,https://thesession.org/tunes/351,Jig,
"Halting March, The",794,https://thesession.org/tunes/1330,Barndance,
Kerfunken,796,https://thesession.org/tunes/139,Jig,
Hand Me Down The Tackle,797,https://thesession.org/tunes/800,Reel,https://tunearch.org/wiki/Hand_Me_Down_the_Tackle
"King's Jig, The",2795,https://thesession.org/tunes/7514,Jig,
"Munster Jig, The",801,https://thesession.org/tunes/372,Jig,
Hardiman The Fiddler,803,https://thesession.org/tunes/48,Slip Jig,
Joe Derrane's,804,https://thesession.org/tunes/3321,Jig,
"Rathawaun, The",806,https://thesession.org/tunes/1736,Reel,
"Hare's Paw, The",807,https://thesession.org/tunes/1462,Reel,
Harvest Home,808,https://thesession.org/tunes/49,Hornpipe,
Haste To The Wedding,809,https://thesession.org/tunes/582,Jig,
Have A Drink With Me,811,https://thesession.org/tunes/1922,Jig,
Hayes's,814,https://thesession.org/tunes/3462,Barndance,
A Health To The Ladies,815,https://thesession.org/tunes/327,Jig,
"Heather Breeze, The",818,https://thesession.org/tunes/411,Reel,
Hector The Hero,821,https://thesession.org/tunes/1292,Waltz,
"High Cauled Cap, The",829,https://thesession.org/tunes/1524,Polka,
"High Reel, The",833,https://thesession.org/tunes/44,Reel,
Seamus Cooley's,839,https://thesession.org/tunes/5202,Jig,
Dublin Lads,840,https://thesession.org/tunes/3320,Reel,
Hole In The Hedge,841,https://thesession.org/tunes/755,Jig,
"Holly Bush, The",842,https://thesession.org/tunes/7080,Jig,
"Holy Land, The",843,https://thesession.org/tunes/616,Reel,
"Home Ruler, The",844,https://thesession.org/tunes/310,Hornpipe,
Honeymoon,846,https://thesession.org/tunes/2064,Reel,
House Of Hamill,847,https://thesession.org/tunes/2677,Reel,
Humours Of Ballyconnell Hornpipe,851,https://thesession.org/tunes/2748,Hornpipe,
"Humours Of Ballyconnell, The",852,https://thesession.org/tunes/1428,Reel,
"Humours Of Ballyloughlin, The",853,https://thesession.org/tunes/210,Jig,https://tunearch.org/wiki/Humors_of_Ballyloughlin
"Humours Of Derrycrossane, The",855,https://thesession.org/tunes/1550,Jig,
"Humours Of Drinagh, The",856,https://thesession.org/tunes/413,Jig,
Humours Of Ennistymon,858,https://thesession.org/tunes/228,Jig,
"Humours Of Glendart, The",860,https://thesession.org/tunes/45,Jig,
Highway To Kilkenny,863,https://thesession.org/tunes/3599,Slip Jig,
"Humours Of Scarriff, The",868,https://thesession.org/tunes/1748,Reel,
"Humours Of Tulla, The",869,https://thesession.org/tunes/141,Reel,
"Humours Of Westport, The",870,https://thesession.org/tunes/47,Reel,
"Humours Of Whiskey, The",871,https://thesession.org/tunes/46,Slip Jig,
Hundred Pipers,873,https://thesession.org/tunes/1232,Jig,
Hunter's House,874,https://thesession.org/tunes/472,Reel,https://tunearch.org/wiki/Hunter%27s_House_(The)
"Hunter's Purse, The",875,https://thesession.org/tunes/283,Reel,https://tunearch.org/wiki/Hunter%27s_Purse_(The)
"Hut On Staffin Island, The",876,https://thesession.org/tunes/2067,Hornpipe,
When The Cock Crows It Is Day,882,https://thesession.org/tunes/2483,Jig,
I Wish I Never Saw You,883,https://thesession.org/tunes/2666,Reel,
I’d Rather Be Married Than Left,885,https://thesession.org/tunes/2114,Slide,
If We Hadn't Any Men In The World,886,https://thesession.org/tunes/2998,Barndance,
If We Hadn't Any Women In The World,887,https://thesession.org/tunes/1376,Barndance,
Imelda Roland's,890,https://thesession.org/tunes/2735,Reel,
Inisheer,893,https://thesession.org/tunes/211,Waltz,
Charlie Lennon's Mazurka,896,https://thesession.org/tunes/1276,Mazurka,
"Irish Washerwoman, The",897,https://thesession.org/tunes/92,Jig,
Jack Coughlin's Fancy,904,https://thesession.org/tunes/853,Reel,
Jackie Coleman's #1,905,https://thesession.org/tunes/50,Reel,
Pay The Reckoning,908,https://thesession.org/tunes/1805,Jig,
Jackson's (Reel),915,https://thesession.org/tunes/1311,Reel,
"Chaffpool Post, The",917,https://thesession.org/tunes/246,Barndance,
Jenny Dang The Weaver,922,https://thesession.org/tunes/380,Reel,
Jenny Picking Cockles,924,https://thesession.org/tunes/1357,Reel,
Tommy Peoples (D),925,https://thesession.org/tunes/192,Reel,
Jenny's Chickens,926,https://thesession.org/tunes/756,Reel,
Jenny's Wedding,927,https://thesession.org/tunes/1347,Reel,
Jenny's Welcome To Charlie,929,https://thesession.org/tunes/370,Reel,
Jerry's Beaver Hat,930,https://thesession.org/tunes/319,Jig,
Jessica's Polka,932,https://thesession.org/tunes/1532,Polka,
"Jig Of Slurs, The",936,https://thesession.org/tunes/35,Jig,
Jimmy Duffy's,948,https://thesession.org/tunes/1920,Barndance,NA
Jimmy Ward's Favorite,955,https://thesession.org/tunes/793,Jig,
Finbarr Dwyer's Favorite,960,https://thesession.org/tunes/1159,Jig,
Cooley's Delight,961,https://thesession.org/tunes/414,Jig,
Tommy Peoples Mazurka,973,https://thesession.org/tunes/1323,Mazurka,
Anything For John-Joe,976,https://thesession.org/tunes/3237,Reel,
John Ryan's,983,https://thesession.org/tunes/441,Polka,
John Stenson's #1,984,https://thesession.org/tunes/1155,Reel,
John Stenson's #2,985,https://thesession.org/tunes/1163,Reel,
Johnny Allen's,986,https://thesession.org/tunes/278,Reel,https://tunearch.org/wiki/Johnny_Allen%27s
Johnny I Do Love Thee,991,https://thesession.org/tunes/2781,Polka,
Cuil Aodha (Polka),993,https://thesession.org/tunes/1535,Polka,
"Jolly Tinker, The",1003,https://thesession.org/tunes/1754,Reel,
Donnybrook Fair,1004,https://thesession.org/tunes/26,Jig,
Old Man Dillon's,1005,https://thesession.org/tunes/2200,Jig,
"Jug Of Punch, The",1007,https://thesession.org/tunes/594,Reel,
Julia Delaney's,1010,https://thesession.org/tunes/589,Reel,
Jim O'Keefe's Slide,1014,https://thesession.org/tunes/998,Slide,
"Glenside, The",1019,https://thesession.org/tunes/534,Polka,
"Kesh, The",1022,https://thesession.org/tunes/55,Jig,https://tunearch.org/wiki/Kesh_Jig_(1)_(The)
"Kid On The Mountain, The",1023,https://thesession.org/tunes/52,Slip Jig,
"Killavil Jig, The",1025,https://thesession.org/tunes/667,Jig,https://tunearch.org/wiki/Killavil_Jig_(1)
"Old Favorite, The",1027,https://thesession.org/tunes/56,Jig,https://tunearch.org/wiki/Club_C%C3%A9il%C3%AD
Killarney Boys Of Pleasure,1031,https://thesession.org/tunes/733,Reel,
"Killavil Fancy, The",1033,https://thesession.org/tunes/576,Reel,
"Killavil Reel, The",1035,https://thesession.org/tunes/1723,Reel,
Kilnamona,1038,https://thesession.org/tunes/163,Barndance,
King Of The Fairies,1043,https://thesession.org/tunes/475,Hornpipe,
"King Of The Pipers, The",1044,https://thesession.org/tunes/54,Jig,
"Kinnegad Slashers, The",1046,https://thesession.org/tunes/1258,Jig,
Kiss The Maid Behind The Barrel,1050,https://thesession.org/tunes/676,Reel,
Will You Come Down To Limerick,1053,https://thesession.org/tunes/2337,Slip Jig,
Kitty Gone A Milking,1054,https://thesession.org/tunes/1647,Reel,
"High Road To Linton, The",1055,https://thesession.org/tunes/1118,Reel,
Kitty's Rambles,1059,https://thesession.org/tunes/1843,Jig,
Kitty's Wedding,1060,https://thesession.org/tunes/869,Hornpipe,
Knockaboul Polka #2,1062,https://thesession.org/tunes/3023,Polka,
"Knotted Cord, The",1064,https://thesession.org/tunes/921,Reel,
"Kylebrack Rambler, The",1065,https://thesession.org/tunes/361,Reel,
Lad O'Beirne's Hornpipe,1067,https://thesession.org/tunes/546,Hornpipe,
Lad O'Beirne's,1068,https://thesession.org/tunes/406,Reel,
"Lads Of Laois, The",1070,https://thesession.org/tunes/58,Reel,
Lady Anne Montgomery,1071,https://thesession.org/tunes/59,Reel,
"Lady On The Island, The",1077,https://thesession.org/tunes/938,Reel,
"Lakes Of Sligo, The",1081,https://thesession.org/tunes/393,Polka,
Langstrom’s Pony,1089,https://thesession.org/tunes/61,Jig,
Lark In The Morning,1091,https://thesession.org/tunes/62,Jig,https://tunearch.org/wiki/Lark_in_the_Morning_(1)
"Lark On The Strand, The",1092,https://thesession.org/tunes/1634,Jig,
Lark On The Strand (Kesh),1093,https://thesession.org/tunes/3254,Jig,
"Culfadda, The",1101,https://thesession.org/tunes/1523,Reel,
Last Night's Fun,1104,https://thesession.org/tunes/63,Reel,
Laurel Tree,1108,https://thesession.org/tunes/883,Reel,
Leg Of The Duck,1114,https://thesession.org/tunes/1317,Jig,
"Legacy, The",1115,https://thesession.org/tunes/2259,Jig,
"Leitrim Fancy, The",1118,https://thesession.org/tunes/467,Jig,
Leslie's March,1120,https://thesession.org/tunes/987,Jig,
"Lilting Banshee, The",1124,https://thesession.org/tunes/60,Jig,
"Limerick Lasses, The",1127,https://thesession.org/tunes/516,Reel,https://tunearch.org/wiki/Limerick_Lasses_(1)
"Limestone Rock, The",1129,https://thesession.org/tunes/1619,Reel,
Bonaparte Crossing The Rhine,1133,https://thesession.org/tunes/7,Hornpipe,
"Little Diamond, The",1135,https://thesession.org/tunes/604,Polka,
Na Cannebhain Bhana,1136,https://thesession.org/tunes/612,Slip Jig,
"Long Acre, The",1148,https://thesession.org/tunes/5424,Reel,
"Longford Collector, The",1149,https://thesession.org/tunes/563,Reel,
"Longford Tinker, The",1150,https://thesession.org/tunes/369,Reel,
Lord Inchiquin,1152,https://thesession.org/tunes/991,Waltz,
Lord Mayo,1156,https://thesession.org/tunes/638,March,
Big John McNeil,1159,https://thesession.org/tunes/1002,Reel,
"Luck Penny, The",1167,https://thesession.org/tunes/1334,Jig,
Lucy Campbell's,1168,https://thesession.org/tunes/1552,Reel,
Lucy Farr's,1169,https://thesession.org/tunes/1307,Barndance,https://tunearch.org/wiki/Lucy_Farr%27s_Barn_Dance
Macarthur Road,1172,https://thesession.org/tunes/2221,Reel,
Mac's Fancy,1176,https://thesession.org/tunes/2724,Jig,
Magic Slipper,1181,https://thesession.org/tunes/4021,Polka,
Hag At The Spinning Wheel,1182,https://thesession.org/tunes/2254,Jig,
"Maid Behind The Bar, The",1184,https://thesession.org/tunes/64,Reel,
"Maids Of Ardagh, The",1187,https://thesession.org/tunes/466,Polka,
"Maid On The Green, The",1189,https://thesession.org/tunes/1831,Jig,
Johnny When You Die,1195,https://thesession.org/tunes/15252,Reel,
"Maids Of Mitchellstown, The",1196,https://thesession.org/tunes/120,Reel,https://tunearch.org/wiki/Maids_of_Mitchelstown_(The)
"Maids Of Mount Cisco, The",1197,https://thesession.org/tunes/432,Reel,https://tunearch.org/wiki/Maid_of_Mount_Kisco_(The)
Rat In The Thatch,1198,https://thesession.org/tunes/2988,Reel,
Maire Breatnach's #1,1199,https://thesession.org/tunes/505,Reel,
Maire Breatnach's #2,1200,https://thesession.org/tunes/504,Reel,
Mairi's Wedding,1202,https://thesession.org/tunes/706,Polka,
Man Of The House,1208,https://thesession.org/tunes/222,Reel,
"Market Town, The",1216,https://thesession.org/tunes/3772,Jig,
Martin Wynne's #4,1223,https://thesession.org/tunes/450,Reel,
Martin Wynne's #2,1224,https://thesession.org/tunes/359,Reel,
"Mason's Apron, The",1230,https://thesession.org/tunes/74,Reel,
Master McDermott's,1233,https://thesession.org/tunes/682,Reel,
Tripping Down The Stairs,1235,https://thesession.org/tunes/760,Jig,
Maudabawn Chapel,1236,https://thesession.org/tunes/302,Reel,
Maud Miller,1237,https://thesession.org/tunes/1177,Reel,
Mayor Harrison's Fedora,1240,https://thesession.org/tunes/367,Reel,
McSweeney's,1268,https://thesession.org/tunes/3915,Reel,
Merrily Kissed The Quaker,1271,https://thesession.org/tunes/70,Slide,
"Merry Blacksmith, The",1272,https://thesession.org/tunes/72,Reel,https://tunearch.org/wiki/Merry_Blacksmith_(The)
"Mouse In The Cupboard, The",1274,https://thesession.org/tunes/1454,Jig,
Micho Russell's Slide,1286,https://thesession.org/tunes/958,Slide,
"Miller's Maggot, The",1292,https://thesession.org/tunes/333,Jig,
"Milliner's Daughter, The",1293,https://thesession.org/tunes/1409,Reel,
Lough Gill,1294,https://thesession.org/tunes/1788,Jig,
"Orphan, The",1300,https://thesession.org/tunes/217,Jig,
Miss McLeod's,1310,https://thesession.org/tunes/75,Reel,https://tunearch.org/wiki/Miss_McLeod%27s_Reel_(1)
Miss Monahan,1311,https://thesession.org/tunes/471,Reel,
Miss Thompson's,1317,https://thesession.org/tunes/2264,Reel,
Ballydesmond #3,1320,https://thesession.org/tunes/531,Polka,
"Mist Covered Mountains, The",1322,https://thesession.org/tunes/256,Jig,https://tunearch.org/wiki/Misty_Mountain_(The)
Monaghan's,1334,https://thesession.org/tunes/67,Jig,
Monaghan Twig,1335,https://thesession.org/tunes/1070,Reel,
Moneymusk,1336,https://thesession.org/tunes/1387,Reel,
"Mooncoin, The",1337,https://thesession.org/tunes/206,Jig,
"Morning Dew, The",1340,https://thesession.org/tunes/69,Reel,
"Morning Star, The",1342,https://thesession.org/tunes/828,Reel,
Morrison's,1343,https://thesession.org/tunes/71,Jig,
"Mother And Child, The",1347,https://thesession.org/tunes/1565,Reel,
"Mountain Road, The",1350,https://thesession.org/tunes/68,Reel,
"Mouth Of The Tobique, The",1355,https://thesession.org/tunes/423,Reel,
"Moving Cloud, The",1357,https://thesession.org/tunes/1091,Reel,
Mug Of Brown Ale,1361,https://thesession.org/tunes/888,Jig,https://tunearch.org/wiki/Father_Jack_Walsh
"Mullingar Races, The",1367,https://thesession.org/tunes/225,Reel,
Munster Buttermilk (G),1373,https://thesession.org/tunes/1077,Jig,
Teahan's Favorite,1378,https://thesession.org/tunes/2613,Slide,
Music For A Found Harmonium,1381,https://thesession.org/tunes/346,Reel,
Music In The Glen,1383,https://thesession.org/tunes/303,Reel,
"Musical Priest, The",1384,https://thesession.org/tunes/73,Reel,https://tunearch.org/wiki/Musical_Priest
My Darling Asleep,1386,https://thesession.org/tunes/76,Jig,https://tunearch.org/wiki/My_Darling_Asleep
My Love Is In America,1391,https://thesession.org/tunes/77,Reel,
Johnny O'Leary's Polka #2,1400,https://thesession.org/tunes/4430,Polka,
"New Leaf, The",1407,https://thesession.org/tunes/8695,Jig,
"New Mown Meadow, The",1409,https://thesession.org/tunes/2706,Reel,https://tunearch.org/wiki/New_Mown_Meadows_(The)
"New Policeman, The",1410,https://thesession.org/tunes/769,Reel,
Trip To Athlone,1419,https://thesession.org/tunes/1301,Jig,https://tunearch.org/wiki/Newport_Lass_(The)
Nine Points Of Roguery,1424,https://thesession.org/tunes/429,Reel,
"Noisy Curlew, The",1426,https://thesession.org/tunes/1432,Reel,
"Noon Lasses, The",1428,https://thesession.org/tunes/1729,Reel,
"Oak Tree, The",1434,https://thesession.org/tunes/212,Reel,
Carolan's Concerto,1437,https://thesession.org/tunes/788,Reel,
O'Donnel Abu,1442,https://thesession.org/tunes/7309,Barndance,
Off She Goes,1444,https://thesession.org/tunes/1133,Jig,
Off To California,1445,https://thesession.org/tunes/30,Hornpipe,
Britches Full Of Stitches,1447,https://thesession.org/tunes/1075,Polka,
"Cobbler, The",1450,https://thesession.org/tunes/265,Polka,
O'Keefe's,1451,https://thesession.org/tunes/53,Slide,
"Old Bush, The",1454,https://thesession.org/tunes/1499,Reel,https://tunearch.org/wiki/Old_Bush_(1)_(The)
"Concertina, The",1455,https://thesession.org/tunes/18,Reel,
"Old Copperplate, The",1456,https://thesession.org/tunes/410,Reel,https://tunearch.org/wiki/Old_Copperplate_(The)
Old Hag You Have Killed Me,1461,https://thesession.org/tunes/1359,Jig,
Old John's,1465,https://thesession.org/tunes/57,Jig,
Old Tipperary,1469,https://thesession.org/tunes/2599,Jig,
Lady Of The House,1471,https://thesession.org/tunes/1116,Reel,https://tunearch.org/wiki/Lady_of_the_House_(2)
"Hag's Purse, The",1472,https://thesession.org/tunes/926,Jig,
Ormond Sound,1480,https://thesession.org/tunes/426,Reel,
O'Sullivan's March,1486,https://thesession.org/tunes/2204,Jig,
"Otter's Holt, The",1487,https://thesession.org/tunes/636,Reel,
Out On The Ocean,1489,https://thesession.org/tunes/108,Jig,https://tunearch.org/wiki/Out_on_the_Ocean_(1)
Over The Moor To Maggie,1492,https://thesession.org/tunes/115,Reel,
Paddy Fahey's Reel #1,1499,https://thesession.org/tunes/463,Reel,
Paddy Fahey's Jig #1,1505,https://thesession.org/tunes/532,Jig,
Paddy Fahey's Reel #15,1507,https://thesession.org/tunes/492,Reel,
Paddy O'Rafferty,1522,https://thesession.org/tunes/741,Jig,
Paddy Ryan's Dream,1523,https://thesession.org/tunes/79,Reel,
Paddy Taylor's Jig #2,1526,https://thesession.org/tunes/5430,Jig,
Paddy Taylor's Jig #1,1528,https://thesession.org/tunes/2719,Jig,
Paddy's Resource,1532,https://thesession.org/tunes/1709,Jig,
Paddy's Trip To Scotland,1533,https://thesession.org/tunes/1303,Reel,
Johnny O'Leary's Polka #1,1535,https://thesession.org/tunes/4824,Polka,
Patsy Geary,1555,https://thesession.org/tunes/325,Slide,
Pauline Conneely's,1559,https://thesession.org/tunes/4891,Reel,
"Peeler's Jacket, The",1565,https://thesession.org/tunes/1343,Reel,
Egan's,1567,https://thesession.org/tunes/39,Polka,
In And Out The Harbor,1568,https://thesession.org/tunes/158,Reel,
Peter Street,1574,https://thesession.org/tunes/1171,Reel,
"Pigeon On The Gate, The",1581,https://thesession.org/tunes/517,Reel,
"Pigtown Fling, The",1582,https://thesession.org/tunes/80,Reel,
Out With The Boys,1584,https://thesession.org/tunes/2995,Jig,
"Pipe On The Hob (Am), The",1585,https://thesession.org/tunes/81,Jig,
"Pipe On The Hob, The",1586,https://thesession.org/tunes/1049,Jig,
"Piper's Despair, The",1588,https://thesession.org/tunes/336,Reel,
"Plains Of Boyle, The",1589,https://thesession.org/tunes/652,Hornpipe,https://tunearch.org/wiki/Plains_of_Boyle_(The)
Maggie Brown's Favorite,1590,https://thesession.org/tunes/1149,Jig,
Fanny Power,1593,https://thesession.org/tunes/957,Waltz,
Planxty George Brabazon,1594,https://thesession.org/tunes/1609,Reel,
Planxty Irwin,1595,https://thesession.org/tunes/790,Jig,
Primrose Lasses,1617,https://thesession.org/tunes/789,Reel,
"Providence, The",1619,https://thesession.org/tunes/376,Reel,
A Punch In The Dark,1620,https://thesession.org/tunes/1918,Reel,
Queen Of The Fair,1623,https://thesession.org/tunes/772,Jig,
Queen Of The Rushes,1625,https://thesession.org/tunes/710,Jig,https://tunearch.org/wiki/Queen_of_the_Rushes_(1)
"Rainy Day, The",1636,https://thesession.org/tunes/1807,Reel,
"Rakes Of Clonmel, The",1637,https://thesession.org/tunes/1130,Jig,
"Rakes Of Kildare, The",1638,https://thesession.org/tunes/84,Jig,
Rakes Of Mallow,1639,https://thesession.org/tunes/85,Polka,
Rakish Paddy,1640,https://thesession.org/tunes/86,Reel,https://tunearch.org/wiki/Rakish_Paddy
"Rambler, The",1641,https://thesession.org/tunes/510,Jig,https://tunearch.org/wiki/Rambler_(2)_(The)
"Rambling Pitchfork, The",1644,https://thesession.org/tunes/89,Jig,https://tunearch.org/wiki/Rambling_Pitchfork_(The)
"Ravelled Hank Of Yarn, The",1649,https://thesession.org/tunes/2386,Reel,
"Reconciliation, The",1653,https://thesession.org/tunes/1977,Reel,
"Red Box, The",1654,https://thesession.org/tunes/1386,Reel,
Red Haired Boy,1655,https://thesession.org/tunes/566,Reel,
Larry Redican's Mother,1659,https://thesession.org/tunes/378,Slip Jig,
Reel Béatrice,1660,https://thesession.org/tunes/483,Reel,
"Reel Of Mullinavat, The",1663,https://thesession.org/tunes/1339,Reel,
"Reel Of Rio, The",1664,https://thesession.org/tunes/575,Reel,https://tunearch.org/wiki/Reel_of_Rio_(The)
"Reel With The Birl, The",1665,https://thesession.org/tunes/189,Reel,
"Return Home, The",1668,https://thesession.org/tunes/379,Jig,
Sonny Brogan's,1670,https://thesession.org/tunes/1185,Jig,
Rights Of Man,1676,https://thesession.org/tunes/83,Hornpipe,
Rip The Calico,1677,https://thesession.org/tunes/719,Reel,
"Road To Lisdoonvarna, The",1684,https://thesession.org/tunes/250,Slide,https://tunearch.org/wiki/Road_to_Lisdoonvarna_(1)
Roaring Mary,1686,https://thesession.org/tunes/762,Reel,
"Rocky Road To Dublin, The",1690,https://thesession.org/tunes/593,Slip Jig,
"Old Wheels Of The World, The",1695,https://thesession.org/tunes/431,Reel,
Rolling In The Barrel,1696,https://thesession.org/tunes/500,Reel,
Rolling In The Ryegrass,1697,https://thesession.org/tunes/87,Reel,
"Rolling Waves, The",1698,https://thesession.org/tunes/515,Jig,https://tunearch.org/wiki/Rolling_Wave_(1)_(The)
Whelan's,1699,https://thesession.org/tunes/1447,Jig,
"Roscommon, The",1701,https://thesession.org/tunes/637,Reel,
Rose In The Heather,1704,https://thesession.org/tunes/447,Jig,
Saddle The Pony,1714,https://thesession.org/tunes/307,Jig,
Sailor On The Rock,1715,https://thesession.org/tunes/765,Reel,
"Sailor's Bonnet, The",1716,https://thesession.org/tunes/570,Reel,
"Salamanca, The",1719,https://thesession.org/tunes/99,Reel,
"Sally Gardens, The",1720,https://thesession.org/tunes/98,Reel,
Scatter The Mud,1728,https://thesession.org/tunes/728,Jig,
"Scholar, The",1729,https://thesession.org/tunes/94,Reel,
Scollay's,1731,https://thesession.org/tunes/6463,Reel,
Scotch Mary,1732,https://thesession.org/tunes/96,Reel,
Seamus Ennis's,1738,https://thesession.org/tunes/8467,Jig,
Sean Buí,1739,https://thesession.org/tunes/235,Jig,https://tunearch.org/wiki/Se%C3%A1n_Bu%C3%AD
"Ballinamore, The",1741,https://thesession.org/tunes/2594,Reel,
Sean Reid's,1747,https://thesession.org/tunes/2249,Reel,
Shandon Bells,1756,https://thesession.org/tunes/1200,Jig,
Sheehan's,1762,https://thesession.org/tunes/1178,Reel,
"Shepherd's Daughter, The",1763,https://thesession.org/tunes/1313,Reel,
"Shetland Fiddler, The",1764,https://thesession.org/tunes/97,Reel,
Ships In Full Sail,1765,https://thesession.org/tunes/261,Jig,https://tunearch.org/wiki/Ships_in_Full_Sail
"Ships Are Sailing, The",1766,https://thesession.org/tunes/543,Reel,
"Showman's Fancy, The",1767,https://thesession.org/tunes/1777,Hornpipe,
Sí Beag Sí Mór,1768,https://thesession.org/tunes/449,Waltz,
"Silver Spear, The",1770,https://thesession.org/tunes/182,Reel,
"Silver Spire, The",1771,https://thesession.org/tunes/240,Reel,
Sixpenny Money,1772,https://thesession.org/tunes/387,Jig,
"Skylark, The",1774,https://thesession.org/tunes/632,Reel,
Sliabh Russel,1781,https://thesession.org/tunes/335,Jig,
"Sligo Maid, The",1782,https://thesession.org/tunes/399,Reel,
Murphy's Hound,1783,https://thesession.org/tunes/4318,Reel,
Smash The Windows,1785,https://thesession.org/tunes/101,Jig,
Smell Of The Bog,1786,https://thesession.org/tunes/5905,Hornpipe,
Snug In The Blanket,1788,https://thesession.org/tunes/1747,Jig,
Sonny's Mazurka,1795,https://thesession.org/tunes/5476,Mazurka,
"South Wind, The",1798,https://thesession.org/tunes/601,Waltz,
Speed The Plough,1803,https://thesession.org/tunes/901,Reel,
"Spike Island Lasses, The",1807,https://thesession.org/tunes/737,Reel,
Sporting Nell,1813,https://thesession.org/tunes/1781,Reel,
Sporting Paddy,1814,https://thesession.org/tunes/430,Reel,https://tunearch.org/wiki/Sporting_Paddy_(1)
Saint Anne's,1819,https://thesession.org/tunes/103,Reel,
Saint Mary's,1820,https://thesession.org/tunes/1564,Polka,
Saint Patrick's Day,1821,https://thesession.org/tunes/385,Set Dance,
"Stack Of Barley, The",1823,https://thesession.org/tunes/2224,Hornpipe,
Stack Of Wheat,1825,https://thesession.org/tunes/785,Reel,
Stan Chapman's,1827,https://thesession.org/tunes/324,Jig,
"Star Above The Garter, The",1829,https://thesession.org/tunes/1398,Slide,NA
Star Of Munster,1830,https://thesession.org/tunes/197,Reel,https://tunearch.org/wiki/Star_of_Munster_(The)
Star Of The County Down,1831,https://thesession.org/tunes/9747,Waltz,
"Steeplechase, The",1834,https://thesession.org/tunes/2281,Reel,
Maid In The Meadow,1838,https://thesession.org/tunes/942,Jig,
"Strayaway Child, The",1843,https://thesession.org/tunes/134,Jig,
Strike The Gay Harp,1845,https://thesession.org/tunes/1216,Jig,
Sunny Banks,1849,https://thesession.org/tunes/1453,Reel,
"Sunset, The",1850,https://thesession.org/tunes/908,Reel,
"Swaggering Jig, The",1851,https://thesession.org/tunes/661,Slip Jig,
"Swallowtail Jig, The",1852,https://thesession.org/tunes/106,Jig,
"Swallowtail Reel, The",1855,https://thesession.org/tunes/105,Reel,
Aggie White's,1856,https://thesession.org/tunes/3532,Hornpipe,
Sweeney's Buttermilk,1857,https://thesession.org/tunes/556,Reel,
Sweeney's Polka,1860,https://thesession.org/tunes/1549,Polka,
"Belfast Hornpipe, The",1861,https://thesession.org/tunes/4,Hornpipe,
Swinging On The Gate,1868,https://thesession.org/tunes/236,Reel,
Tailor's Twist,1874,https://thesession.org/tunes/996,Hornpipe,
Tarbolton,1878,https://thesession.org/tunes/560,Reel,
Tatter Jack Walsh,1880,https://thesession.org/tunes/1638,Jig,
"Teetotaler, The",1883,https://thesession.org/tunes/114,Reel,
Tell Her I Am,1884,https://thesession.org/tunes/161,Jig,
"Tempest, The",1885,https://thesession.org/tunes/1004,Reel,
"Sweetheart Reel, The",1886,https://thesession.org/tunes/2626,Reel,
"Templehouse, The",1888,https://thesession.org/tunes/827,Reel,
"Three Little Drummers, The",1890,https://thesession.org/tunes/109,Jig,
Thady Casey's Fancy,1893,https://thesession.org/tunes/2663,Reel,
That's Right Too!,1894,https://thesession.org/tunes/1703,Reel,
"Humours Of Lisheen, The",1905,https://thesession.org/tunes/1600,Jig,
Tie The Bonnet,1909,https://thesession.org/tunes/136,Reel,
Timmy Clifford's,1912,https://thesession.org/tunes/656,Jig,https://tunearch.org/wiki/Micho_Russell%27s_Jig_(1)
Tobin's Favorite,1917,https://thesession.org/tunes/308,Jig,https://tunearch.org/wiki/Tobin%E2%80%99s_Favorite
Tom Billy's,1919,https://thesession.org/tunes/900,Reel,
"Flowers Of Spring, The",1920,https://thesession.org/tunes/1283,Jig,
Tom Billy's Jig,1921,https://thesession.org/tunes/816,Jig,
Tom Sullivan's,1925,https://thesession.org/tunes/1820,Polka,
Tom Ward's Downfall,1926,https://thesession.org/tunes/565,Reel,
Tommy Bhetty's,1927,https://thesession.org/tunes/1085,Waltz,
"Key Of The Convent, The",1942,https://thesession.org/tunes/1707,Jig,
Lost And Found,1947,https://thesession.org/tunes/1160,Jig,
"Tongs By The Fire, The",1950,https://thesession.org/tunes/1569,Jig,
Father O'Flynn,1953,https://thesession.org/tunes/1080,Jig,
"Torn Jacket, The",1955,https://thesession.org/tunes/350,Reel,
Toss The Feathers (Em),1957,https://thesession.org/tunes/113,Reel,
Toss The Feathers (D),1960,https://thesession.org/tunes/138,Reel,
Touch Me If You Dare,1961,https://thesession.org/tunes/596,Reel,
"Traveler, The",1964,https://thesession.org/tunes/143,Reel,
Trim The Velvet,1967,https://thesession.org/tunes/1142,Reel,
Trip To Durrow,1969,https://thesession.org/tunes/891,Reel,NA
"Trip To Sligo, The",1971,https://thesession.org/tunes/397,Jig,
Brosna,1973,https://thesession.org/tunes/1414,Slide,
Tripping Up The Stairs,1976,https://thesession.org/tunes/111,Jig,
Tuttle's,1982,https://thesession.org/tunes/528,Reel,https://tunearch.org/wiki/Custom_Gap_(The)
"Union Reel, The",1988,https://thesession.org/tunes/1591,Reel,
Cat Rambles To The Child's Saucepan,1999,https://thesession.org/tunes/365,Slide,
"Lisheen #2, The",2002,https://thesession.org/tunes/826,Slide,
"Chicago Jig, The",2003,https://thesession.org/tunes/2096,Jig,
"Gullane, The",2005,https://thesession.org/tunes/1658,Polka,
Up Against The Buachaláns,2008,https://thesession.org/tunes/964,Reel,
Up In The Air,2012,https://thesession.org/tunes/894,Jig,
Australian Waters,2021,https://thesession.org/tunes/2607,Jig,
"Virginia Reel, The",2022,https://thesession.org/tunes/812,Reel,
Stool Of Repentance,2027,https://thesession.org/tunes/1138,Jig,
Walls Of Liscarrol,2031,https://thesession.org/tunes/232,Jig,
Walsh’s Hornpipe,2033,https://thesession.org/tunes/2332,Hornpipe,
"Wandering Minstrel, The",2035,https://thesession.org/tunes/2025,Jig,
O'Rourke's,2052,https://thesession.org/tunes/90,Reel,
When Sick Is It Tea That You Want?,2059,https://thesession.org/tunes/427,Jig,
"White Petticoat, The",2067,https://thesession.org/tunes/332,Jig,
"Widow's Daughter, The",2070,https://thesession.org/tunes/3303,Reel,
Willie Coleman's,2075,https://thesession.org/tunes/476,Jig,
"Wind That Shakes The Barley, The",2077,https://thesession.org/tunes/116,Reel,
Winnie Hayes,2078,https://thesession.org/tunes/797,Jig,
"Wise Maid, The",2079,https://thesession.org/tunes/118,Reel,https://tunearch.org/wiki/Cooley%27s_Reel_(2)
Within A Mile Of Dublin,2080,https://thesession.org/tunes/125,Reel,
"Woman Of The House, The",2082,https://thesession.org/tunes/321,Reel,
Will You Come Home With Me,2090,https://thesession.org/tunes/1220,Jig,
Dan O'Keefe's #2,2095,https://thesession.org/tunes/3577,Slide,
Shoe The Donkey,2099,https://thesession.org/tunes/2320,Mazurka,
Martin Wynne's #1,2107,https://thesession.org/tunes/347,Reel,
"Boys Of The Town, The",2129,https://thesession.org/tunes/1264,Jig,
Maggie In The Woods,2146,https://thesession.org/tunes/291,Polka,
"Smiling Bride, The",2154,https://thesession.org/tunes/4290,Jig,
Handsome Young Maidens,2155,https://thesession.org/tunes/145,Jig,
Margaret's Waltz,2172,https://thesession.org/tunes/1678,Waltz,
Maid In The Cherry Tree,2184,https://thesession.org/tunes/5195,Reel,
Young Tom Ennis,2188,https://thesession.org/tunes/131,Jig,
"Girl Of The House, The",2194,https://thesession.org/tunes/1214,Jig,
"Butlers Of Glen Avenue, The",2201,https://thesession.org/tunes/820,Jig,
Bedford Cross,2205,https://thesession.org/tunes/7444,Slide,
Forget Me Not,2212,https://thesession.org/tunes/233,Reel,
Paddy O'Snap,2215,https://thesession.org/tunes/1179,Slip Jig,
"Easy Club, The",2227,https://thesession.org/tunes/955,Reel,https://tunearch.org/wiki/Easy_Club_Reel
"Murroe, The",2243,https://thesession.org/tunes/1508,Polka,
"Red Haired Lass, The",2245,https://thesession.org/tunes/1716,Reel,
Eddie Moloney's,2259,https://thesession.org/tunes/1771,Reel,
"Gallowglass, The",2273,https://thesession.org/tunes/1369,Jig,
Across The Black River,2282,https://thesession.org/tunes/5114,Jig,
"Ale Is Dear, The",2288,https://thesession.org/tunes/866,Reel,
"Nightingale, The",2296,https://thesession.org/tunes/1868,Jig,
Matt Peoples,2297,https://thesession.org/tunes/691,Reel,
"Minstrel Boy, The",2303,https://thesession.org/tunes/6782,Strathspey,
"Bridal, The",2314,https://thesession.org/tunes/1000,Jig,
Paddy Fahey's Reel #14,2331,https://thesession.org/tunes/150,Reel,
Green Mountain,2336,https://thesession.org/tunes/166,Reel,
Launching The Boat,2339,https://thesession.org/tunes/267,Reel,
Andy De Jarlis',2340,https://thesession.org/tunes/838,Jig,
Fahey's Fiddle,2349,https://thesession.org/tunes/124,Jig,
"Blackthorn Stick, The",2352,https://thesession.org/tunes/702,Jig,
Tam Lin,2364,https://thesession.org/tunes/248,Reel,
Da New Rigged Ship,2366,https://thesession.org/tunes/880,Reel,
Tommy's Tarbukas,2367,https://thesession.org/tunes/140,Reel,
Gillian's Apples,2368,https://thesession.org/tunes/1855,Jig,
James Murray's,2381,https://thesession.org/tunes/1698,Jig,
"Shoemaker's Daughter, The",2389,https://thesession.org/tunes/1832,Reel,
Lucky In Love,2396,https://thesession.org/tunes/1625,Reel,
Banks Of Inverness,2410,https://thesession.org/tunes/5119,Polka,
Tom Busby's,2412,https://thesession.org/tunes/2860,Jig,
"Humours Of Trim, The",2417,https://thesession.org/tunes/88,Jig,https://tunearch.org/wiki/Humors_of_Trim_(The)
Blast Of Wind,2425,https://thesession.org/tunes/428,Slip Jig,
"Windmill, The",2437,https://thesession.org/tunes/193,Reel,https://tunearch.org/wiki/Windmill_(2)_(The)
Guns Of The Magnificent Seven,2438,https://thesession.org/tunes/40,Reel,https://tunearch.org/wiki/Guns_of_the_Magnificent_Seven
Knockaboul Polka #1,2448,https://thesession.org/tunes/1764,Polka,
Church Street,2451,https://thesession.org/tunes/1560,Polka,
Fisher's Hornpipe,2460,https://thesession.org/tunes/872,Hornpipe,
Barrack Hill,2462,https://thesession.org/tunes/1014,Slide,
"Haunted House, The",2463,https://thesession.org/tunes/1098,Jig,https://tunearch.org/wiki/Haunted_House_(The)
"Short Grass, The",2467,https://thesession.org/tunes/3058,Jig,
"Morning Lark, The",2485,https://thesession.org/tunes/2060,Jig,
"Tinker's Daughter, The",2495,https://thesession.org/tunes/353,Reel,
"Humours Of Kilclogher, The",2510,https://thesession.org/tunes/1043,Jig,https://tunearch.org/wiki/Humors_of_Kilclogher
"Roaring Barmaid, The",2518,https://thesession.org/tunes/91,Jig,
"Cameron Highlander, The",2519,https://thesession.org/tunes/2864,Barndance,https://tunearch.org/wiki/Cameron_Highlanders_(The)
Dinny O'Brien's,2521,https://thesession.org/tunes/1667,Reel,
"One That Was Lost, The",2533,https://thesession.org/tunes/861,Jig,
"Sheep In The Boat, The",2534,https://thesession.org/tunes/2576,Jig,
"Woods Of Old Limerick, The",2540,https://thesession.org/tunes/3893,Jig,
Oro A Bhuchaillin,2563,https://thesession.org/tunes/11733,Slide,
Terry 'Cuz' Teahan's,2564,https://thesession.org/tunes/4574,Polka,
Hare In The Corn (slide),2568,https://thesession.org/tunes/4579,Slide,
Road To Glountane,2576,https://thesession.org/tunes/1615,Reel,
"Roosky, The",2596,https://thesession.org/tunes/5301,Polka,
"Dusty Miller, The",2603,https://thesession.org/tunes/4323,Slip Jig,
Con Cassidy's,2606,https://thesession.org/tunes/1570,Jig,
Callaghan’s,2636,https://thesession.org/tunes/1731,Reel,
Cuir Barr Air,2642,https://thesession.org/tunes/2608,Slip Jig,
"High Part Of The Road, The",2653,https://thesession.org/tunes/183,Jig,
For The Sake Of Old Decency,2670,https://thesession.org/tunes/2777,Reel,
Josefin's Waltz,2674,https://thesession.org/tunes/1016,Waltz,
"Ballyvourney Polka, The",2687,https://thesession.org/tunes/3410,Polka,
Jack Roe's,2689,https://thesession.org/tunes/2323,Reel,
Doonagore,2714,https://thesession.org/tunes/2816,Reel,
Bonny Anne,2716,https://thesession.org/tunes/1562,Reel,
"Bunny's Hat, The",2756,https://thesession.org/tunes/738,Reel,
"Frost Is All Over, The",2775,https://thesession.org/tunes/448,Jig,https://tunearch.org/wiki/Frost_is_All_Over_(1)_(The)
Lillies In The Field,2806,https://thesession.org/tunes/1750,Reel,
"Kerry Cow, The",2830,https://thesession.org/tunes/2379,Polka,
"Glenties Mazurka, The",2833,https://thesession.org/tunes/1332,Mazurka,
"Holly Bush (reel), The",2844,https://thesession.org/tunes/1566,Reel,
Twilight In Portroe,2851,https://thesession.org/tunes/4091,Reel,
Bill Hoare's,2864,https://thesession.org/tunes/10507,Reel,
Pull Out The Knife And Stick It In Again,2870,https://thesession.org/tunes/398,Jig,
"Old Torn Petticoat, The",2878,https://thesession.org/tunes/368,Reel,
"Girl I Left Behind Me, The",2885,https://thesession.org/tunes/5418,Polka,
Mother's Delight,2896,https://thesession.org/tunes/257,Reel,
New House,2902,https://thesession.org/tunes/2484,Jig,
"Sweedish Jig, The",2907,https://thesession.org/tunes/417,Jig,
"Green Fields Of Woodford, The",2918,https://thesession.org/tunes/4070,Reel,
Cuil Aodha,2920,https://thesession.org/tunes/825,Jig,
April's Fool,2930,https://thesession.org/tunes/5081,Jig,
Pachelbel's Frolics,2938,https://thesession.org/tunes/487,Reel,https://tunearch.org/wiki/Pachelbel%27s_Frolics
"Sporting Pitchfork, The",2944,https://thesession.org/tunes/1761,Jig,
I'll Buy Boots For Maggie,2975,https://thesession.org/tunes/1169,Polka,
"Red Crow, The",2976,https://thesession.org/tunes/184,Reel,
Tommy Peoples,3012,https://thesession.org/tunes/1100,Reel,https://tunearch.org/wiki/Milkmaid_(4)_(The)
"Long Drop, The",3013,https://thesession.org/tunes/1147,Reel,
Chris Droney's Favorite,3018,https://thesession.org/tunes/5512,Reel,
"First Pint, The",3019,https://thesession.org/tunes/3161,Jig,
"Flying Wheelchair, The",3020,https://thesession.org/tunes/4185,Jig,
Jer O'Connell's,3039,https://thesession.org/tunes/4363,Polka,
Forde’s,3040,https://thesession.org/tunes/8541,Polka,
Mulqueen’s,3041,https://thesession.org/tunes/66,Reel,
Jer Quigley's,3056,https://thesession.org/tunes/2033,Reel,
Martin Wynne's #3,3066,https://thesession.org/tunes/461,Reel,
"Fox On The Prowl, The",3068,https://thesession.org/tunes/501,Reel,
Liffey Banks,3069,https://thesession.org/tunes/502,Reel,
"Long Note, The",3080,https://thesession.org/tunes/1424,Reel,
Return To Milltown,3087,https://thesession.org/tunes/3205,Reel,
"Old Flail, The",3089,https://thesession.org/tunes/839,Jig,https://tunearch.org/wiki/Old_Flail_(The)
"Roving Bachelor, The",3092,https://thesession.org/tunes/1608,Barndance,
"Cowboy, The",3102,https://thesession.org/tunes/794,Jig,
Love At The Endings,3116,https://thesession.org/tunes/990,Reel,
Many's A Wild Night,3117,https://thesession.org/tunes/2669,Polka,
Liz Kelly's,3128,https://thesession.org/tunes/4176,Slide,
"Fly Fishing Reel, The",3131,https://thesession.org/tunes/313,Reel,
Scully Casey's,3149,https://thesession.org/tunes/1790,Slide,
Women Of Ireland,3172,https://thesession.org/tunes/3890,Air,
Father O'Grady's Trip To Bocca,3220,https://thesession.org/tunes/180,Reel,
Con Cassidy's (Crossing The Oily River),3244,https://thesession.org/tunes/2007,Jig,
Julia Clifford's Hornpipe,3247,https://thesession.org/tunes/1927,Hornpipe,https://tunearch.org/wiki/Humors_of_Tuamgraney
Tomorrow Morning,3257,https://thesession.org/tunes/2233,Hornpipe,
"Gatehouse Maid, The",3266,https://thesession.org/tunes/941,Reel,
Horse Keane's,3270,https://thesession.org/tunes/1786,Hornpipe,
"Snowy Path, The",3280,https://thesession.org/tunes/104,Hop Jig,
"Convenience, The",3285,https://thesession.org/tunes/226,Reel,https://tunearch.org/wiki/Convenience_Reel_(The)
Rosewood,3297,https://thesession.org/tunes/815,Jig,
Trip To Skye,3303,https://thesession.org/tunes/3363,Waltz,
Charlie Hunter's,3305,https://thesession.org/tunes/809,Jig,
John McHughes,3308,https://thesession.org/tunes/865,Jig,
Walter Sammon's Grandmother,3312,https://thesession.org/tunes/1701,Reel,
I Ne'er Shall Wean Her,3316,https://thesession.org/tunes/803,Jig,
Whistler At The Wake,3332,https://thesession.org/tunes/4236,Jig,
Eanach Mhic Coilín,3369,https://thesession.org/tunes/78,Reel,
Sonny Riordan's,3385,https://thesession.org/tunes/2239,Polka,
Drumshanbo,3395,https://thesession.org/tunes/725,Jig,
"Cock And The Hen, The",3402,https://thesession.org/tunes/93,Slip Jig,
Donald Blue,3403,https://thesession.org/tunes/1175,Reel,
"Wren's Nest, The",3409,https://thesession.org/tunes/119,Jig,
"Cordal, The",3410,https://thesession.org/tunes/864,Jig,
"Twelve Pins, The",3412,https://thesession.org/tunes/1333,Reel,
I Buried My Wife And Danced On Her Grave,3436,https://thesession.org/tunes/381,Jig,https://tunearch.org/wiki/I_Buried_My_Wife_and_Danced_on_Her_Grave
"Beeswing, The",3437,https://thesession.org/tunes/945,Hornpipe,
Paddy Fahey's Jig #10,3471,https://thesession.org/tunes/2561,Jig,
A Fig For A Kiss,3497,https://thesession.org/tunes/750,Slip Jig,
With Ourselves,3545,https://thesession.org/tunes/1793,Reel,
Cat's Meow,3547,https://thesession.org/tunes/342,Jig,
Jackson's Morning Breeze,3556,https://thesession.org/tunes/1510,Jig,
Carolan's Draught,3571,https://thesession.org/tunes/1421,Reel,
"Irish American, The",3594,https://thesession.org/tunes/3675,Reel,
Miss McCloud's Farewell To Chastity,3602,https://thesession.org/tunes/518,Reel,
Paddy Fahey's Reel #4,3606,https://thesession.org/tunes/3346,Reel,
"Donegal Lancers, The",3614,https://thesession.org/tunes/631,Jig,
"Well-Bred Foal, The",3628,https://thesession.org/tunes/3752,Reel,
"Blackwater #1, The",3633,https://thesession.org/tunes/3228,Polka,
Thadelo's Slide,3638,https://thesession.org/tunes/1629,Slide,
Donal O'Connor's,3642,https://thesession.org/tunes/7449,Slide,
Padraig O’Keefe’s Favorite,3643,https://thesession.org/tunes/5862,Slide,
A Parcel Of Land,3649,https://thesession.org/tunes/422,Reel,
Where Is The Cat?,3658,https://thesession.org/tunes/2377,Slide,https://tunearch.org/wiki/Where_is_the_Cat%3F
Devlin's,3659,https://thesession.org/tunes/4450,Jig,
Palmer's Gate,3686,https://thesession.org/tunes/1020,Reel,
Sailing into Walpole's Marsh,3687,https://thesession.org/tunes/1341,Reel,
"Old Pensioner, The",3702,https://thesession.org/tunes/4460,Reel,
Planxty Madam Maxwell,3728,https://thesession.org/tunes/5083,Hornpipe,
"Sport Of The Chase, The",3737,https://thesession.org/tunes/854,Slip Jig,
Walsh's Polka #1,3748,https://thesession.org/tunes/329,Polka,
Patrick O'Connor's,3768,https://thesession.org/tunes/4187,Polka,
Lord Seaforth's,3789,https://thesession.org/tunes/1650,Strathspey,
"Bould Thady Quill, The",3812,https://thesession.org/tunes/5657,Jig,
Nelly Mahony's,3821,https://thesession.org/tunes/5286,Slide,
Da Full Rigged Ship,3827,https://thesession.org/tunes/878,Jig,
Din Tarrant's,3839,https://thesession.org/tunes/4365,Polka,
Lament For Oliver Goldsmith,3841,https://thesession.org/tunes/10857,Air,
Ownie Davy’s,3849,https://thesession.org/tunes/1247,Reel,
"Church Hill, The",3851,https://thesession.org/tunes/6567,Jig,
"Toureendarby, The",3863,https://thesession.org/tunes/8895,Polka,
Anthony Frawley's,3872,https://thesession.org/tunes/1198,Jig,
"Rattlin' Bog, The",3875,https://thesession.org/tunes/583,Polka,
Rock Chapel,3879,https://thesession.org/tunes/8837,Polka,
"Silver Slipper, The",3899,https://thesession.org/tunes/8479,Slip Jig,
"Maho Snaps, The",3918,https://thesession.org/tunes/811,Jig,
Sergeant Early's Dream,3923,https://thesession.org/tunes/1651,Reel,
Terry Teahan's Polka,3928,https://thesession.org/tunes/331,Polka,
"Ballygow Reel, The",3932,https://thesession.org/tunes/12962,Reel,
"Besom In Bloom, The",3937,https://thesession.org/tunes/933,Jig,
"Ballygow Polka, The",3969,https://thesession.org/tunes/8089,Polka,
Peter Wyper's,3977,https://thesession.org/tunes/5384,Hornpipe,
Sheila Coyle's,3978,https://thesession.org/tunes/1040,Reel,
Larry Redican's Bow,4003,https://thesession.org/tunes/4707,Reel,
Drummond Castle,4009,https://thesession.org/tunes/2540,Jig,
"Leitrim Lilter, The",4013,https://thesession.org/tunes/3943,Reel,
"Horseshoe, The",4023,https://thesession.org/tunes/9076,Jig,
Sporting Molly,4026,https://thesession.org/tunes/65,Reel,
"Ballinafad Polka, The",4049,https://thesession.org/tunes/8367,Polka,
"Seanamhac Tube Station, The",4071,https://thesession.org/tunes/280,Jig,
"Surround, The",4086,https://thesession.org/tunes/8034,Hop Jig,
"Whinney Hills Of Leitrim, The",4094,https://thesession.org/tunes/8976,Slip Jig,
"Peacock's Feathers (Minor), The",4097,https://thesession.org/tunes/663,Hornpipe,
Ornette's Trip To Belfast,4117,https://thesession.org/tunes/2712,Reel,
Farewell To Whalley Range,4119,https://thesession.org/tunes/2410,Slip Jig,https://tunearch.org/wiki/Farewell_to_Whalley_Range
"Humours Of Castlelyons, The",4134,https://thesession.org/tunes/7581,Jig,
Ninety-Nine March,4135,https://thesession.org/tunes/2108,March,
"Ninety-Eight March, The",4154,https://thesession.org/tunes/2103,March,
"Kilfenora #2, The",4174,https://thesession.org/tunes/949,Jig,
How Are You Kitty?,4224,https://thesession.org/tunes/8745,Jig,
Michael Burke's,4234,https://thesession.org/tunes/4638,Jig,
Walsh's Polka #2,4240,https://thesession.org/tunes/8918,Polka,
Wissahickon Drive,4252,https://thesession.org/tunes/1769,Reel,
Spórt,4261,https://thesession.org/tunes/870,Jig,
"Barrowburn, The",4263,https://thesession.org/tunes/705,Reel,
Maire Rua,4268,https://thesession.org/tunes/527,Slip Jig,
"Fly In The Porter, The",4270,https://thesession.org/tunes/4225,Jig,
Leddy From Cavan,4274,https://thesession.org/tunes/5552,Reel,
Seamus Connolly's,4284,https://thesession.org/tunes/6465,Jig,
Child Of My Heart,4291,https://thesession.org/tunes/9598,Jig,
Riding On A Load Of Hay,4297,https://thesession.org/tunes/1239,Polka,
"Scattery Island, The",4308,https://thesession.org/tunes/641,Slide,https://tunearch.org/wiki/Scattery_Island_Slide
Teampall An Gleantinn,4342,https://thesession.org/tunes/1988,Reel,
Light And Airy,4363,https://thesession.org/tunes/3563,Jig,
"Peacock's Feathers (Major), The",4377,https://thesession.org/tunes/665,Hornpipe,
Neili’s,4412,https://thesession.org/tunes/7386,Polka,
Pete Bradley's,4414,https://thesession.org/tunes/1517,Slide,
Porthole Of The Kelp,4439,https://thesession.org/tunes/263,Reel,
Iggy And Squiggy,4473,https://thesession.org/tunes/7445,Reel,
Bantry Bay,4488,https://thesession.org/tunes/1061,Hornpipe,
"Sunnyside, The",4493,https://thesession.org/tunes/2586,Jig,
Johnny Loves Molly,4499,https://thesession.org/tunes/7400,Slip Jig,
Callan Bridge,4502,https://thesession.org/tunes/4515,Reel,
"Harp And Shamrock, The",4509,https://thesession.org/tunes/1802,Hornpipe,
Dingle Regatta,4520,https://thesession.org/tunes/23,Slide,
Hull's,4535,https://thesession.org/tunes/2686,Reel,
Seamus Shannon's,4537,https://thesession.org/tunes/8567,Jig,
Paudeen O'Rafferty,4566,https://thesession.org/tunes/9657,Jig,
"Caravan, The",4569,https://thesession.org/tunes/8983,Jig,
Calum's Road,4575,https://thesession.org/tunes/3016,Strathspey,
"Road To Errogie, The",4579,https://thesession.org/tunes/5270,Reel,
"Flowing Bowl, The",4580,https://thesession.org/tunes/395,Reel,
Molly Put The Kettle On,4581,https://thesession.org/tunes/749,Reel,
Helvic Head,4586,https://thesession.org/tunes/3110,Jig,
Around The Fairy Fort,4598,https://thesession.org/tunes/2177,Barndance,
"Millhouse, The",4603,https://thesession.org/tunes/4484,Reel,
My Former Wife,4613,https://thesession.org/tunes/3418,Jig,
"Further The Deeper, The",4685,https://thesession.org/tunes/4844,Reel,
"Lancers, The",4689,https://thesession.org/tunes/2106,Jig,
Pat McKenna's,4724,https://thesession.org/tunes/2053,Jig,
"Setting Sun, The",4735,https://thesession.org/tunes/2820,Jig,
Money In Both Pockets,4745,https://thesession.org/tunes/4745,Jig,
"Woodford Whistler, The",4864,https://thesession.org/tunes/12982,Reel,
Mama's Pet,4872,https://thesession.org/tunes/902,Reel,
Last Train From Loughrea,4877,https://thesession.org/tunes/7993,Jig,
Kilglass Lakes,4878,https://thesession.org/tunes/8162,Jig,
"Spotted Cow, The",4887,https://thesession.org/tunes/11877,Jig,
Esther's,4892,https://thesession.org/tunes/2522,Reel,
Liam's Bear,4931,https://thesession.org/tunes/23670,Jig,
"High Hill, The",4959,https://thesession.org/tunes/2731,Reel,
Frank's,4961,https://thesession.org/tunes/646,Reel,
Bill Nicholson’s 67th Birthday,4966,https://thesession.org/tunes/6737,Jig,
"Dawn Chorus, The",4972,https://thesession.org/tunes/6422,Jig,
Lough Key,4984,https://thesession.org/tunes/3201,Slip Jig,
"Spotted Dog, The",5032,https://thesession.org/tunes/3967,Jig,NA
Jimmy McGettrick's,5047,https://thesession.org/tunes/7213,Reel,
"Night That Poor Larry Was Stretched, The",5065,https://thesession.org/tunes/4712,Slip Jig,
Spootiskerry,5074,https://thesession.org/tunes/857,Reel,
Ray’s Classic,5079,https://thesession.org/tunes/6170,Polka,
Strop The Razor,5082,https://thesession.org/tunes/693,Jig,
Kalyana,5091,https://thesession.org/tunes/4896,Jig,
Nessa The Mover,5098,https://thesession.org/tunes/5705,Polka,
"Trip To Dingle, The",5099,https://thesession.org/tunes/6057,Polka,
Emmet's Hedgehog,5130,https://thesession.org/tunes/5590,Jig,
"Rookery, The",5201,https://thesession.org/tunes/2958,Reel,
Lisnagun,5231,https://thesession.org/tunes/3842,Jig,
Flagstone Of The Memories,5269,https://thesession.org/tunes/806,Reel,
Dance Of Life,5304,https://thesession.org/tunes/17772,Polka,
Paddy Fahey's Jig #2,5350,https://thesession.org/tunes/2667,Jig,
Dan Sullivan's Father's,5395,https://thesession.org/tunes/2217,Jig,
"Tree Gap, The",5435,https://thesession.org/tunes/10644,Reel,
Finbar Dwyer's,5436,https://thesession.org/tunes/3330,Reel,NA
John Dywer's,5496,https://thesession.org/tunes/2708,Reel,
Genevieve’s,5530,https://thesession.org/tunes/135,Waltz,https://tunearch.org/wiki/Genevieve%27s_Waltz
Penny Candle,5574,https://thesession.org/tunes/8305,Reel,
"Blackwater #2, The",5599,https://thesession.org/tunes/12756,Polka,
Paddy Fahey's Reel #7,5608,https://thesession.org/tunes/6409,Reel,
Far Away,5686,https://thesession.org/tunes/187,Waltz,
McMahon's Fancy,5739,https://thesession.org/tunes/1913,Reel,
Mind The Dresser,5775,https://thesession.org/tunes/9215,Jig,
Bold Doherty,5807,https://thesession.org/tunes/8344,Jig,
"Turf Cutter, The",5809,https://thesession.org/tunes/14242,Slip Jig,
Dillon Brown,5829,https://thesession.org/tunes/6863,Reel,
McIntyre's Fancy,5836,https://thesession.org/tunes/819,Jig,
Flatwater Fran,5856,https://thesession.org/tunes/10668,Waltz,
Drowning At Bruchlas,5921,https://thesession.org/tunes/12173,Jig,
"Diamond, The",5927,https://thesession.org/tunes/13206,Waltz,
Mrs. Galvin's,5946,https://thesession.org/tunes/10733,Jig,
I Was Born For Sport,5951,https://thesession.org/tunes/4895,Jig,
A Tailor I Am,5966,https://thesession.org/tunes/10361,Jig,https://tunearch.org/wiki/A_Tailor_I_Am
"Burning Brakes, The",6040,https://thesession.org/tunes/9058,Jig,
Nell I Fear I'll Not Gain Your Favor,6066,https://thesession.org/tunes/13116,Hornpipe,
Peter Byrne's,6122,https://thesession.org/tunes/2919,Jig,
Tadgh & Biddy's,6314,https://thesession.org/tunes/15592,Waltz,
Mick O'Connor's,6335,https://thesession.org/tunes/4198,Reel,
"New Found Out, The",6388,https://thesession.org/tunes/1274,Reel,
O'Neil's March,6401,https://thesession.org/tunes/2236,Polka,
"Trip To Hervé's, The",6443,https://thesession.org/tunes/1026,Reel,
"Trip To Killarney, The",6488,https://thesession.org/tunes/3942,Jig,
Muirsheen Durkin,6499,https://thesession.org/tunes/8516,Polka,
Mike Cooney's Fancy,6541,https://thesession.org/tunes/3481,Jig,
Bye A While,6558,https://thesession.org/tunes/10183,Jig,
"Wingflapper, The",6560,https://thesession.org/tunes/10291,Slip Jig,
Dripsey,6621,https://thesession.org/tunes/2113,Polka,
John Kelly's,6623,https://thesession.org/tunes/5998,Reel,
"Sliabh Lucan, The",6625,https://thesession.org/tunes/11676,Polka,
Currants For Cakes And Raisins For Everything,6662,https://thesession.org/tunes/8437,Jig,
Captain Bing,6749,https://thesession.org/tunes/8624,Polka,
My Love In The Morning,6784,https://thesession.org/tunes/6,Jig,
"Wexford Carol, The",6799,https://thesession.org/tunes/6500,Waltz,
Banks Of The Quay,6862,https://thesession.org/tunes/2455,Polka,
"Crucaharan Cross, The",6863,https://thesession.org/tunes/3533,Polka,
Humours Of Ballymanus,6899,https://thesession.org/tunes/279,Jig,
Slide Dubh,6925,https://thesession.org/tunes/10594,Slide,
A Fair Wind,6987,https://thesession.org/tunes/936,Reel,
"Limerick Tinker, The",7028,https://thesession.org/tunes/3540,Jig,
Aherne's Egg,7088,https://thesession.org/tunes/4440,Jig,
Contentment Is Wealth,7115,https://thesession.org/tunes/1662,Jig,
"Golden Stud, The",7121,https://thesession.org/tunes/4740,Reel,
"Hill Of Bruff, The",7146,https://thesession.org/tunes/13343,Jig,
Farewell To London,7153,https://thesession.org/tunes/1067,Reel,
Aaron's Key,7178,https://thesession.org/tunes/2266,Jig,
Bushmills Fancy,7248,https://thesession.org/tunes/10422,Hornpipe,
Troy's Wedding,7261,https://thesession.org/tunes/2014,Jig,
"Mouse In The Kitchen, The",7303,https://thesession.org/tunes/6655,Jig,
Conal’s,7319,https://thesession.org/tunes/9654,Reel,
Wing Commander Donald MacKenzie's,7331,https://thesession.org/tunes/4635,Reel,
Rannie MacLellan's,7332,https://thesession.org/tunes/3837,Reel,
Kelly's,7466,https://thesession.org/tunes/13334,Polka,
"Piper's Picnic, The",7534,https://thesession.org/tunes/5042,Jig,
Don’t Leave Me Alone,7537,https://thesession.org/tunes/18733,Slip Jig,
"Merry Sisters, The",7727,https://thesession.org/tunes/165,Reel,
